<?xml version="1.0" encoding="UTF-8" ?>
<document>
<!--The data in this file is primarily intended for consumption by Xilinx tools.
The structure and the elements are likely to change over the next few releases.
This means code written to parse this file will need to be revisited each subsequent release.-->
<application name="pa" timeStamp="Tue Aug 22 22:07:09 2017">
<section name="Project Information" visible="false">
<property name="ProjectID" value="2115beb856a849729bb624fa430aab9e" type="ProjectID"/>
<property name="ProjectIteration" value="1" type="ProjectIteration"/>
</section>
<section name="PlanAhead Usage" visible="true">
<item name="Project Data">
<property name="SrcSetCount" value="1" type="SrcSetCount"/>
<property name="ConstraintSetCount" value="1" type="ConstraintSetCount"/>
<property name="DesignMode" value="RTL" type="DesignMode"/>
<property name="SynthesisStrategy" value="Vivado Synthesis Defaults" type="SynthesisStrategy"/>
<property name="ImplStrategy" value="Vivado Implementation Defaults" type="ImplStrategy"/>
</item>
<item name="Java Command Handlers">
<property name="AddSources" value="2" type="JavaHandler"/>
<property name="CloseProject" value="1" type="JavaHandler"/>
<property name="NewProject" value="2" type="JavaHandler"/>
<property name="OpenProject" value="2" type="JavaHandler"/>
<property name="SimulationRun" value="4" type="JavaHandler"/>
</item>
<item name="Gui Resources Info">
<property name="BaseDialog_OK" value="1" type="GuiResourceData"/>
<property name="CANCEL, Cancel" value="1" type="GuiResourceData"/>
<property name="CmdMsgDialog_OK" value="1" type="GuiResourceData"/>
<property name="FileSetPanel_FILE_SET_PANEL_TREE" value="3" type="GuiResourceData"/>
<property name="FlowNavigatorTreePanel_FLOW_NAVIGATOR_TREE" value="2" type="GuiResourceData"/>
<property name="GettingStartedView_OPEN_PROJECT" value="1" type="GuiResourceData"/>
<property name="GraphicalView_ZOOM_FIT" value="1" type="GuiResourceData"/>
<property name="PACommandNames_SIMULATION_RUN_BEHAVIORAL" value="2" type="GuiResourceData"/>
<property name="PAResourceCommand.PACommandNames_SIMULATION_RUN_BEHAVIORAL, Run Behavioral Simulation" value="1" type="GuiResourceData"/>
<property name="PAResourceEtoH.FileSetPanel_FILE_SET_PANEL_TREE, [root, Constraints], 2, true" value="1" type="GuiResourceData"/>
<property name="PAResourceEtoH.FileSetPanel_FILE_SET_PANEL_TREE, [root, Constraints], 2, true, false, false, false, false, true" value="1" type="GuiResourceData"/>
<property name="PAResourceEtoH.FileSetPanel_FILE_SET_PANEL_TREE, [root, Design Sources, n_bit_up_down_counter - behavioral (n_bit_up_down_counter.vhd" value="2" type="GuiResourceData"/>
<property name="PAResourceEtoH.FlowNavigatorTreePanel_FLOW_NAVIGATOR_TREE, [, Simulation, Run Simulation], 11, false" value="1" type="GuiResourceData"/>
<property name="PAResourceEtoH.GettingStartedView_CREATE_NEW_PROJECT, Create New Project" value="1" type="GuiResourceData"/>
<property name="PAResourceEtoH.GettingStartedView_OPEN_PROJECT, Open Project" value="1" type="GuiResourceData"/>
<property name="PAResourceOtoP.PAViews_CODE, Code" value="1" type="GuiResourceData"/>
<property name="PAResourceTtoZ.TaskBanner_CLOSE, (String" value="1" type="GuiResourceData"/>
<property name="RDIResource.BaseDialog_OK, OK" value="1" type="GuiResourceData"/>
<property name="RDIResource.GraphicalView_ZOOM_FIT, Waveform Viewer_zoom_fit" value="1" type="GuiResourceData"/>
<property name="TaskBanner_CLOSE" value="1" type="GuiResourceData"/>
<property name="n_bit_up_down_counter.vhd, 28, 316" value="1" type="GuiResourceData"/>
<property name="n_bit_up_down_counter.vhd, 45, 345" value="1" type="GuiResourceData"/>
</item>
<item name="Other">
<property name="GuiMode" value="43" type="GuiMode"/>
<property name="BatchMode" value="0" type="BatchMode"/>
<property name="TclMode" value="41" type="TclMode"/>
</item>
</section>
</application>
</document>
